{
  "backpropType" : "Standard",
  "cacheMode" : "NONE",
  "confs" : [ {
    "cacheMode" : "NONE",
    "dataType" : "FLOAT",
    "epochCount" : 25,
    "iterationCount" : 0,
    "layer" : {
      "@class" : "org.deeplearning4j.nn.conf.layers.misc.FrozenLayer",
      "layer" : {
        "@class" : "org.deeplearning4j.nn.conf.layers.ConvolutionLayer",
        "activationFn" : {
          "@class" : "org.nd4j.linalg.activations.impl.ActivationIdentity"
        },
        "biasInit" : 0.0,
        "biasUpdater" : null,
        "constraints" : null,
        "convolutionMode" : "Truncate",
        "cudnnAlgoMode" : "PREFER_FASTEST",
        "cudnnAllowFallback" : true,
        "cudnnBwdDataAlgo" : null,
        "cudnnBwdFilterAlgo" : null,
        "cudnnFwdAlgo" : null,
        "dilation" : [ 1, 1 ],
        "gainInit" : 1.0,
        "gradientNormalization" : "None",
        "gradientNormalizationThreshold" : 1.0,
        "hasBias" : true,
        "idropout" : null,
        "iupdater" : {
          "@class" : "org.nd4j.linalg.learning.config.Nesterovs",
          "learningRate" : 0.1,
          "momentum" : 5.0E-5
        },
        "kernelSize" : [ 5, 5 ],
        "layerName" : "layer0",
        "nin" : 1,
        "nout" : 20,
        "padding" : [ 0, 0 ],
        "regularization" : [ {
          "@class" : "org.nd4j.linalg.learning.regularization.L2Regularization",
          "l2" : {
            "@class" : "org.nd4j.linalg.schedule.FixedSchedule",
            "value" : 5.0E-4
          }
        } ],
        "regularizationBias" : [ ],
        "stride" : [ 1, 1 ],
        "weightInitFn" : {
          "@class" : "org.deeplearning4j.nn.weights.WeightInitXavier"
        },
        "weightNoise" : null
      },
      "constraints" : null,
      "gradientNormalization" : "None",
      "gradientNormalizationThreshold" : 1.0,
      "idropout" : null,
      "layerName" : "layer0"
    },
    "maxNumLineSearchIterations" : 5,
    "miniBatch" : true,
    "minimize" : true,
    "optimizationAlgo" : "STOCHASTIC_GRADIENT_DESCENT",
    "seed" : 100,
    "stepFunction" : null,
    "variables" : [ "W", "b" ]
  }, {
    "cacheMode" : "NONE",
    "dataType" : "FLOAT",
    "epochCount" : 25,
    "iterationCount" : 0,
    "layer" : {
      "@class" : "org.deeplearning4j.nn.conf.layers.misc.FrozenLayer",
      "layer" : {
        "@class" : "org.deeplearning4j.nn.conf.layers.SubsamplingLayer",
        "constraints" : null,
        "convolutionMode" : "Truncate",
        "cudnnAllowFallback" : true,
        "dilation" : [ 1, 1 ],
        "eps" : 1.0E-8,
        "gradientNormalization" : "None",
        "gradientNormalizationThreshold" : 0.0,
        "idropout" : null,
        "kernelSize" : [ 2, 2 ],
        "layerName" : "layer1",
        "padding" : [ 0, 0 ],
        "pnorm" : 0,
        "poolingType" : "MAX",
        "stride" : [ 2, 2 ]
      },
      "constraints" : null,
      "gradientNormalization" : "None",
      "gradientNormalizationThreshold" : 0.0,
      "idropout" : null,
      "layerName" : "layer1"
    },
    "maxNumLineSearchIterations" : 5,
    "miniBatch" : true,
    "minimize" : true,
    "optimizationAlgo" : "STOCHASTIC_GRADIENT_DESCENT",
    "seed" : 100,
    "stepFunction" : null,
    "variables" : [ ]
  }, {
    "cacheMode" : "NONE",
    "dataType" : "FLOAT",
    "epochCount" : 25,
    "iterationCount" : 0,
    "layer" : {
      "@class" : "org.deeplearning4j.nn.conf.layers.ConvolutionLayer",
      "activationFn" : {
        "@class" : "org.nd4j.linalg.activations.impl.ActivationIdentity"
      },
      "biasInit" : 0.0,
      "biasUpdater" : null,
      "constraints" : null,
      "convolutionMode" : "Truncate",
      "cudnnAlgoMode" : "PREFER_FASTEST",
      "cudnnAllowFallback" : true,
      "cudnnBwdDataAlgo" : null,
      "cudnnBwdFilterAlgo" : null,
      "cudnnFwdAlgo" : null,
      "dilation" : [ 1, 1 ],
      "gainInit" : 1.0,
      "gradientNormalization" : "None",
      "gradientNormalizationThreshold" : 1.0,
      "hasBias" : true,
      "idropout" : null,
      "iupdater" : {
        "@class" : "org.nd4j.linalg.learning.config.Nesterovs",
        "learningRate" : 0.1,
        "momentum" : 5.0E-5
      },
      "kernelSize" : [ 5, 5 ],
      "layerName" : "layer2",
      "nin" : 20,
      "nout" : 50,
      "padding" : [ 0, 0 ],
      "regularization" : [ {
        "@class" : "org.nd4j.linalg.learning.regularization.L2Regularization",
        "l2" : {
          "@class" : "org.nd4j.linalg.schedule.FixedSchedule",
          "value" : 5.0E-4
        }
      } ],
      "regularizationBias" : [ ],
      "stride" : [ 1, 1 ],
      "weightInitFn" : {
        "@class" : "org.deeplearning4j.nn.weights.WeightInitXavier"
      },
      "weightNoise" : null
    },
    "maxNumLineSearchIterations" : 5,
    "miniBatch" : true,
    "minimize" : true,
    "optimizationAlgo" : "STOCHASTIC_GRADIENT_DESCENT",
    "seed" : 100,
    "stepFunction" : null,
    "variables" : [ "W", "b" ]
  }, {
    "cacheMode" : "NONE",
    "dataType" : "FLOAT",
    "epochCount" : 25,
    "iterationCount" : 0,
    "layer" : {
      "@class" : "org.deeplearning4j.nn.conf.layers.SubsamplingLayer",
      "constraints" : null,
      "convolutionMode" : "Truncate",
      "cudnnAllowFallback" : true,
      "dilation" : [ 1, 1 ],
      "eps" : 1.0E-8,
      "gradientNormalization" : "None",
      "gradientNormalizationThreshold" : 0.0,
      "idropout" : null,
      "kernelSize" : [ 2, 2 ],
      "layerName" : "layer3",
      "padding" : [ 0, 0 ],
      "pnorm" : 0,
      "poolingType" : "MAX",
      "stride" : [ 2, 2 ]
    },
    "maxNumLineSearchIterations" : 5,
    "miniBatch" : true,
    "minimize" : true,
    "optimizationAlgo" : "STOCHASTIC_GRADIENT_DESCENT",
    "seed" : 100,
    "stepFunction" : null,
    "variables" : [ ]
  }, {
    "cacheMode" : "NONE",
    "dataType" : "FLOAT",
    "epochCount" : 25,
    "iterationCount" : 0,
    "layer" : {
      "@class" : "org.deeplearning4j.nn.conf.layers.DenseLayer",
      "activationFn" : {
        "@class" : "org.nd4j.linalg.activations.impl.ActivationReLU"
      },
      "biasInit" : 0.0,
      "biasUpdater" : null,
      "constraints" : null,
      "gainInit" : 1.0,
      "gradientNormalization" : "None",
      "gradientNormalizationThreshold" : 1.0,
      "hasBias" : true,
      "hasLayerNorm" : false,
      "idropout" : null,
      "iupdater" : {
        "@class" : "org.nd4j.linalg.learning.config.Nesterovs",
        "learningRate" : 0.1,
        "momentum" : 5.0E-5
      },
      "layerName" : "layer4",
      "nin" : 800,
      "nout" : 500,
      "regularization" : [ {
        "@class" : "org.nd4j.linalg.learning.regularization.L2Regularization",
        "l2" : {
          "@class" : "org.nd4j.linalg.schedule.FixedSchedule",
          "value" : 5.0E-4
        }
      } ],
      "regularizationBias" : [ ],
      "weightInitFn" : {
        "@class" : "org.deeplearning4j.nn.weights.WeightInitXavier"
      },
      "weightNoise" : null
    },
    "maxNumLineSearchIterations" : 5,
    "miniBatch" : true,
    "minimize" : true,
    "optimizationAlgo" : "STOCHASTIC_GRADIENT_DESCENT",
    "seed" : 100,
    "stepFunction" : null,
    "variables" : [ "W", "b" ]
  }, {
    "cacheMode" : "NONE",
    "dataType" : "FLOAT",
    "epochCount" : 25,
    "iterationCount" : 0,
    "layer" : {
      "@class" : "org.deeplearning4j.nn.conf.layers.OutputLayer",
      "activationFn" : {
        "@class" : "org.nd4j.linalg.activations.impl.ActivationSoftmax"
      },
      "biasInit" : 0.0,
      "biasUpdater" : null,
      "constraints" : null,
      "gainInit" : 1.0,
      "gradientNormalization" : "None",
      "gradientNormalizationThreshold" : 1.0,
      "hasBias" : true,
      "idropout" : null,
      "iupdater" : {
        "@class" : "org.nd4j.linalg.learning.config.Nesterovs",
        "learningRate" : 0.1,
        "momentum" : 5.0E-5
      },
      "layerName" : "layer5",
      "lossFn" : {
        "@class" : "org.nd4j.linalg.lossfunctions.impl.LossNegativeLogLikelihood",
        "softmaxClipEps" : 1.0E-10
      },
      "nin" : 500,
      "nout" : 6,
      "regularization" : [ {
        "@class" : "org.nd4j.linalg.learning.regularization.L2Regularization",
        "l2" : {
          "@class" : "org.nd4j.linalg.schedule.FixedSchedule",
          "value" : 5.0E-4
        }
      } ],
      "regularizationBias" : [ ],
      "weightInitFn" : {
        "@class" : "org.deeplearning4j.nn.weights.WeightInitXavier"
      },
      "weightNoise" : null
    },
    "maxNumLineSearchIterations" : 5,
    "miniBatch" : true,
    "minimize" : true,
    "optimizationAlgo" : "STOCHASTIC_GRADIENT_DESCENT",
    "seed" : 100,
    "stepFunction" : null,
    "variables" : [ "W", "b" ]
  } ],
  "dataType" : "FLOAT",
  "epochCount" : 25,
  "inferenceWorkspaceMode" : "ENABLED",
  "inputPreProcessors" : {
    "0" : {
      "@class" : "org.deeplearning4j.nn.conf.preprocessor.FeedForwardToCnnPreProcessor",
      "inputHeight" : 28,
      "inputWidth" : 28,
      "numChannels" : 1
    },
    "4" : {
      "@class" : "org.deeplearning4j.nn.conf.preprocessor.CnnToFeedForwardPreProcessor",
      "inputHeight" : 4,
      "inputWidth" : 4,
      "numChannels" : 50
    }
  },
  "iterationCount" : 6325,
  "tbpttBackLength" : 20,
  "tbpttFwdLength" : 20,
  "trainingWorkspaceMode" : "ENABLED",
  "validateOutputLayerConfig" : true
}